file,corruption,mode,count,valid_caption_rate,invalid_output_rate,caption_class_hit,caption_topk_class_hit,avg_caption_length,distinct_caption_count,repetition_rate,real_minus_vision,real_minus_shuffled,real_minus_random,route,variant
Route5_Qwen2VL_full_adapter/eval/clean_vision_only.jsonl,clean,vision_only,1997,0.9949924887330996,0.005007511266900355,0.556334501752629,0.6014021031547321,8.57135703555333,341,0.23285322033444217,0.009514271407110586,0.013019529293940901,0.0325488232348522,route5_qwenvl_adapter,Route5_Qwen2VL_full_adapter
Route5_Qwen2VL_full_adapter/eval/clean_real_eeg.jsonl,clean,real_eeg,1997,0.9939909864797196,0.006009013520280382,0.5658487731597396,0.6039058587881823,8.419128693039559,985,0.23218197815093158,0.009514271407110586,0.013019529293940901,0.0325488232348522,route5_qwenvl_adapter,Route5_Qwen2VL_full_adapter
Route5_Qwen2VL_full_adapter/eval/clean_shuffled_eeg.jsonl,clean,shuffled_eeg,1997,0.9919879819729595,0.008012018027040546,0.5528292438657987,0.6224336504757135,8.408112168252378,1351,0.23256779941807484,0.009514271407110586,0.013019529293940901,0.0325488232348522,route5_qwenvl_adapter,Route5_Qwen2VL_full_adapter
Route5_Qwen2VL_full_adapter/eval/clean_random_eeg.jsonl,clean,random_eeg,1997,0.9929894842263395,0.0070105157736605195,0.5332999499248874,0.5883825738607912,8.690035052578867,1102,0.23689107170579382,0.009514271407110586,0.013019529293940901,0.0325488232348522,route5_qwenvl_adapter,Route5_Qwen2VL_full_adapter
Route5_Qwen2VL_full_adapter/eval/clean_eeg_only.jsonl,clean,eeg_only,1997,0.8202303455182774,0.17976965448172255,0.1442163244867301,0.4266399599399099,9.515272909364047,1278,0.21834609223192097,0.009514271407110586,0.013019529293940901,0.0325488232348522,route5_qwenvl_adapter,Route5_Qwen2VL_full_adapter
Route5_Qwen2VL_full_adapter/eval/lowres16_vision_only.jsonl,lowres16,vision_only,1997,0.8958437656484727,0.10415623435152732,0.11767651477215824,0.38507761642463695,8.448673009514271,258,0.248676137471831,0.08062093139709564,0.11417125688532799,0.1041562343515273,route5_qwenvl_adapter,Route5_Qwen2VL_full_adapter
Route5_Qwen2VL_full_adapter/eval/lowres16_real_eeg.jsonl,lowres16,real_eeg,1997,0.8097145718577867,0.19028542814221328,0.19829744616925388,0.385578367551327,7.982974461692539,1163,0.22679909530184944,0.08062093139709564,0.11417125688532799,0.1041562343515273,route5_qwenvl_adapter,Route5_Qwen2VL_full_adapter
Route5_Qwen2VL_full_adapter/eval/lowres16_shuffled_eeg.jsonl,lowres16,shuffled_eeg,1997,0.799699549323986,0.20030045067601399,0.08412618928392589,0.36955433149724587,8.102653980971457,1287,0.22686175867197397,0.08062093139709564,0.11417125688532799,0.1041562343515273,route5_qwenvl_adapter,Route5_Qwen2VL_full_adapter
Route5_Qwen2VL_full_adapter/eval/lowres16_random_eeg.jsonl,lowres16,random_eeg,1997,0.9489233850776164,0.05107661492238358,0.09414121181772658,0.32398597896845266,8.675012518778168,912,0.2585515413757777,0.08062093139709564,0.11417125688532799,0.1041562343515273,route5_qwenvl_adapter,Route5_Qwen2VL_full_adapter
Route5_Qwen2VL_full_adapter/eval/lowres16_eeg_only.jsonl,lowres16,eeg_only,1997,0.8708062093139709,0.1291937906860291,0.16725087631447172,0.542814221331998,9.813720580871307,1222,0.2020259326719016,0.08062093139709564,0.11417125688532799,0.1041562343515273,route5_qwenvl_adapter,Route5_Qwen2VL_full_adapter
Route5_Qwen2VL_full_adapter/eval/mixed_vision_only.jsonl,mixed,vision_only,1997,0.9674511767651477,0.03254882323485231,0.06009013520280421,0.2188282423635453,8.160741111667502,125,0.27106541569485987,0.12669003505257886,0.13970956434651977,0.1472208312468703,route5_qwenvl_adapter,Route5_Qwen2VL_full_adapter
Route5_Qwen2VL_full_adapter/eval/mixed_real_eeg.jsonl,mixed,real_eeg,1997,0.8903355032548823,0.10966449674511769,0.18678017025538307,0.5663495242864296,7.936905358037055,880,0.24567287300136573,0.12669003505257886,0.13970956434651977,0.1472208312468703,route5_qwenvl_adapter,Route5_Qwen2VL_full_adapter
Route5_Qwen2VL_full_adapter/eval/mixed_shuffled_eeg.jsonl,mixed,shuffled_eeg,1997,0.9043565348022033,0.09564346519779665,0.04707060590886329,0.5758637956935403,7.8537806710065095,913,0.2468971036196875,0.12669003505257886,0.13970956434651977,0.1472208312468703,route5_qwenvl_adapter,Route5_Qwen2VL_full_adapter
Route5_Qwen2VL_full_adapter/eval/mixed_random_eeg.jsonl,mixed,random_eeg,1997,0.9474211316975463,0.05257886830245373,0.039559339008512766,0.514271407110666,8.104656985478217,692,0.25457085617325975,0.12669003505257886,0.13970956434651977,0.1472208312468703,route5_qwenvl_adapter,Route5_Qwen2VL_full_adapter
Route5_Qwen2VL_full_adapter/eval/mixed_eeg_only.jsonl,mixed,eeg_only,1997,0.8662994491737607,0.13370055082623933,0.16775162744116173,0.5463194792188283,9.955433149724588,1087,0.2332113930135963,0.12669003505257886,0.13970956434651977,0.1472208312468703,route5_qwenvl_adapter,Route5_Qwen2VL_full_adapter
Route5_Qwen2VL_full_adapter/eval/occlusion50_vision_only.jsonl,occlusion50,vision_only,1997,0.9849774661992989,0.015022533800701066,0.3810716074111167,0.4902353530295443,8.049073610415624,322,0.2396190161588259,0.025037556334501776,0.06409614421632454,0.09414121181772661,route5_qwenvl_adapter,Route5_Qwen2VL_full_adapter
Route5_Qwen2VL_full_adapter/eval/occlusion50_real_eeg.jsonl,occlusion50,real_eeg,1997,0.970956434651978,0.029043565348021994,0.40610916374561845,0.5458187280921382,8.114171256885328,1180,0.23007726291401803,0.025037556334501776,0.06409614421632454,0.09414121181772661,route5_qwenvl_adapter,Route5_Qwen2VL_full_adapter
Route5_Qwen2VL_full_adapter/eval/occlusion50_shuffled_eeg.jsonl,occlusion50,shuffled_eeg,1997,0.9759639459188784,0.02403605408112164,0.3420130195292939,0.5232849273910867,8.208813219829745,1476,0.2291332005778676,0.025037556334501776,0.06409614421632454,0.09414121181772661,route5_qwenvl_adapter,Route5_Qwen2VL_full_adapter
Route5_Qwen2VL_full_adapter/eval/occlusion50_random_eeg.jsonl,occlusion50,random_eeg,1997,0.9729594391587381,0.02704056084126194,0.31196795192789184,0.4631947921882824,8.089634451677517,1077,0.23202253013219465,0.025037556334501776,0.06409614421632454,0.09414121181772661,route5_qwenvl_adapter,Route5_Qwen2VL_full_adapter
Route5_Qwen2VL_full_adapter/eval/occlusion50_eeg_only.jsonl,occlusion50,eeg_only,1997,0.8497746619929895,0.15022533800701054,0.12518778167250877,0.4301452178267401,9.201802704056083,1221,0.1981955200533067,0.025037556334501776,0.06409614421632454,0.09414121181772661,route5_qwenvl_adapter,Route5_Qwen2VL_full_adapter
Route5_Qwen2VL_full_adapter/eval/strong_blur_vision_only.jsonl,strong_blur,vision_only,1997,0.9849774661992989,0.015022533800701066,0.3925888833249875,0.6164246369554331,9.058587881822733,330,0.22983548193863668,0.05508262393590385,0.04406609914872306,0.06359539308963447,route5_qwenvl_adapter,Route5_Qwen2VL_full_adapter
Route5_Qwen2VL_full_adapter/eval/strong_blur_real_eeg.jsonl,strong_blur,real_eeg,1997,0.9519278918377566,0.04807210816224339,0.44767150726089133,0.5903855783675513,9.526790185277918,1130,0.2190966172313193,0.05508262393590385,0.04406609914872306,0.06359539308963447,route5_qwenvl_adapter,Route5_Qwen2VL_full_adapter
Route5_Qwen2VL_full_adapter/eval/strong_blur_shuffled_eeg.jsonl,strong_blur,shuffled_eeg,1997,0.9419128693039559,0.0580871306960441,0.4036054081121683,0.6484727090635954,9.69253880821232,1445,0.22150396201472816,0.05508262393590385,0.04406609914872306,0.06359539308963447,route5_qwenvl_adapter,Route5_Qwen2VL_full_adapter
Route5_Qwen2VL_full_adapter/eval/strong_blur_random_eeg.jsonl,strong_blur,random_eeg,1997,0.9584376564847271,0.04156234351527288,0.38407611417125687,0.5963945918878317,8.742113169754631,1076,0.2218527174711451,0.05508262393590385,0.04406609914872306,0.06359539308963447,route5_qwenvl_adapter,Route5_Qwen2VL_full_adapter
Route5_Qwen2VL_full_adapter/eval/strong_blur_eeg_only.jsonl,strong_blur,eeg_only,1997,0.7651477215823735,0.23485227841762646,0.1642463695543315,0.5122684026039058,10.14722083124687,1285,0.21883693422251257,0.05508262393590385,0.04406609914872306,0.06359539308963447,route5_qwenvl_adapter,Route5_Qwen2VL_full_adapter
Route5_Qwen2VL_full_adapter/eval/strong_noise_vision_only.jsonl,strong_noise,vision_only,1997,0.9399098647971958,0.06009013520280415,0.24386579869804706,0.4231347020530796,7.452679018527792,1032,0.23584151340786294,0.050075112669003524,0.05508262393590385,0.03004506760140213,route5_qwenvl_adapter,Route5_Qwen2VL_full_adapter
Route5_Qwen2VL_full_adapter/eval/strong_noise_real_eeg.jsonl,strong_noise,real_eeg,1997,0.9113670505758638,0.08863294942413624,0.2939409113670506,0.4396594892338508,7.401101652478718,1270,0.22647617780316825,0.050075112669003524,0.05508262393590385,0.03004506760140213,route5_qwenvl_adapter,Route5_Qwen2VL_full_adapter
Route5_Qwen2VL_full_adapter/eval/strong_noise_shuffled_eeg.jsonl,strong_noise,shuffled_eeg,1997,0.8838257386079119,0.11617426139208809,0.23885828743114673,0.4556835252879319,7.340510766149224,1374,0.22053147292255956,0.050075112669003524,0.05508262393590385,0.03004506760140213,route5_qwenvl_adapter,Route5_Qwen2VL_full_adapter
Route5_Qwen2VL_full_adapter/eval/strong_noise_random_eeg.jsonl,strong_noise,random_eeg,1997,0.900350525788683,0.09964947421131698,0.26389584376564845,0.586379569354031,7.917376064096144,1438,0.22773094595828697,0.050075112669003524,0.05508262393590385,0.03004506760140213,route5_qwenvl_adapter,Route5_Qwen2VL_full_adapter
Route5_Qwen2VL_full_adapter/eval/strong_noise_eeg_only.jsonl,strong_noise,eeg_only,1997,0.7946920380570857,0.20530796194291434,0.17325988983475213,0.514772158237356,10.464697045568352,1388,0.21669406235004632,0.050075112669003524,0.05508262393590385,0.03004506760140213,route5_qwenvl_adapter,Route5_Qwen2VL_full_adapter
Route5_Qwen2VL_full_lora_r8/eval/clean_vision_only.jsonl,clean,vision_only,1997,0.9829744616925388,0.01702553830746123,0.5488232348522785,0.8167250876314471,9.790686029043565,333,0.23514810594179647,0.026539809714571816,0.0225338007010516,-0.028042063094641967,route5_qwenvl_adapter,Route5_Qwen2VL_full_lora_r8
Route5_Qwen2VL_full_lora_r8/eval/clean_real_eeg.jsonl,clean,real_eeg,1997,0.9619429143715573,0.03805708562844268,0.5753630445668503,0.8072108162243365,9.812218327491237,1087,0.22950695329263185,0.026539809714571816,0.0225338007010516,-0.028042063094641967,route5_qwenvl_adapter,Route5_Qwen2VL_full_lora_r8
Route5_Qwen2VL_full_lora_r8/eval/clean_shuffled_eeg.jsonl,clean,shuffled_eeg,1997,0.9669504256384577,0.03304957436154232,0.5528292438657987,0.8152228342513771,9.826239359038558,1330,0.23320954625411308,0.026539809714571816,0.0225338007010516,-0.028042063094641967,route5_qwenvl_adapter,Route5_Qwen2VL_full_lora_r8
Route5_Qwen2VL_full_lora_r8/eval/clean_random_eeg.jsonl,clean,random_eeg,1997,0.9694541812719079,0.030545818728092144,0.6034051076614922,0.8342513770655984,10.01101652478718,1004,0.22799529102733912,0.026539809714571816,0.0225338007010516,-0.028042063094641967,route5_qwenvl_adapter,Route5_Qwen2VL_full_lora_r8
Route5_Qwen2VL_full_lora_r8/eval/clean_eeg_only.jsonl,clean,eeg_only,1997,0.9544316474712068,0.04556835252879321,0.22884326489734602,0.7090635953930896,11.422133199799699,889,0.21211917220930737,0.026539809714571816,0.0225338007010516,-0.028042063094641967,route5_qwenvl_adapter,Route5_Qwen2VL_full_lora_r8
Route5_Qwen2VL_full_lora_r8/eval/lowres16_vision_only.jsonl,lowres16,vision_only,1997,0.7941912869303956,0.20580871306960435,0.19629444166249374,0.5728592889334001,9.004006009013521,388,0.16711137579940785,0.11617426139208811,0.13670505758637955,0.14621932899349022,route5_qwenvl_adapter,Route5_Qwen2VL_full_lora_r8
Route5_Qwen2VL_full_lora_r8/eval/lowres16_real_eeg.jsonl,lowres16,real_eeg,1997,0.8452679018527791,0.1547320981472209,0.31246870305458185,0.6214321482223335,9.381572358537806,1471,0.17744892535828938,0.11617426139208811,0.13670505758637955,0.14621932899349022,route5_qwenvl_adapter,Route5_Qwen2VL_full_lora_r8
Route5_Qwen2VL_full_lora_r8/eval/lowres16_shuffled_eeg.jsonl,lowres16,shuffled_eeg,1997,0.8502754131196795,0.14972458688032053,0.1757636454682023,0.613920881321983,9.378067100650977,1618,0.17753250894212336,0.11617426139208811,0.13670505758637955,0.14621932899349022,route5_qwenvl_adapter,Route5_Qwen2VL_full_lora_r8
Route5_Qwen2VL_full_lora_r8/eval/lowres16_random_eeg.jsonl,lowres16,random_eeg,1997,0.8592889334001002,0.14071106659989985,0.16624937406109164,0.5918878317476214,10.55232849273911,1436,0.1839658074635541,0.11617426139208811,0.13670505758637955,0.14621932899349022,route5_qwenvl_adapter,Route5_Qwen2VL_full_lora_r8
Route5_Qwen2VL_full_lora_r8/eval/lowres16_eeg_only.jsonl,lowres16,eeg_only,1997,0.8587881822734101,0.14121181772658986,0.21031547320981472,0.6129193790686029,11.098147220831247,1006,0.2100690760305182,0.11617426139208811,0.13670505758637955,0.14621932899349022,route5_qwenvl_adapter,Route5_Qwen2VL_full_lora_r8
Route5_Qwen2VL_full_lora_r8/eval/mixed_vision_only.jsonl,mixed,vision_only,1997,0.9098647971957937,0.09013520280420628,0.05608412618928393,0.5668502754131197,10.189283925888834,311,0.1967484123843663,0.19128693039559339,0.18477716574862293,0.19379068602904356,route5_qwenvl_adapter,Route5_Qwen2VL_full_lora_r8
Route5_Qwen2VL_full_lora_r8/eval/mixed_real_eeg.jsonl,mixed,real_eeg,1997,0.9489233850776164,0.05107661492238358,0.24737105658487732,0.6870305458187281,11.050575863795693,1247,0.20528852024846017,0.19128693039559339,0.18477716574862293,0.19379068602904356,route5_qwenvl_adapter,Route5_Qwen2VL_full_lora_r8
Route5_Qwen2VL_full_lora_r8/eval/mixed_shuffled_eeg.jsonl,mixed,shuffled_eeg,1997,0.9474211316975463,0.05257886830245373,0.06259389083625438,0.6775162744116174,10.963945918878318,1329,0.20225744043971386,0.19128693039559339,0.18477716574862293,0.19379068602904356,route5_qwenvl_adapter,Route5_Qwen2VL_full_lora_r8
Route5_Qwen2VL_full_lora_r8/eval/mixed_random_eeg.jsonl,mixed,random_eeg,1997,0.9639459188783175,0.03605408112168251,0.05358037055583375,0.6129193790686029,12.591387080620931,909,0.21314956256117998,0.19128693039559339,0.18477716574862293,0.19379068602904356,route5_qwenvl_adapter,Route5_Qwen2VL_full_lora_r8
Route5_Qwen2VL_full_lora_r8/eval/mixed_eeg_only.jsonl,mixed,eeg_only,1997,0.9213820731096645,0.07861792689033553,0.23034551827741612,0.6840260390585878,11.678017025538308,896,0.23345115353127371,0.19128693039559339,0.18477716574862293,0.19379068602904356,route5_qwenvl_adapter,Route5_Qwen2VL_full_lora_r8
Route5_Qwen2VL_full_lora_r8/eval/occlusion50_vision_only.jsonl,occlusion50,vision_only,1997,0.9849774661992989,0.015022533800701066,0.38657986980470704,0.8402603905858789,9.694041061592388,306,0.23507326285243163,0.04556835252879321,0.03905858788182276,-0.062093139709564316,route5_qwenvl_adapter,Route5_Qwen2VL_full_lora_r8
Route5_Qwen2VL_full_lora_r8/eval/occlusion50_real_eeg.jsonl,occlusion50,real_eeg,1997,0.9624436654982473,0.037556334501752664,0.43214822233350025,0.8217325988983475,10.059589384076114,1065,0.22990210701778052,0.04556835252879321,0.03905858788182276,-0.062093139709564316,route5_qwenvl_adapter,Route5_Qwen2VL_full_lora_r8
Route5_Qwen2VL_full_lora_r8/eval/occlusion50_shuffled_eeg.jsonl,occlusion50,shuffled_eeg,1997,0.9609414121181773,0.039058587881822704,0.3930896344516775,0.8242363545317977,10.084126189283927,1309,0.23257850756598877,0.04556835252879321,0.03905858788182276,-0.062093139709564316,route5_qwenvl_adapter,Route5_Qwen2VL_full_lora_r8
Route5_Qwen2VL_full_lora_r8/eval/occlusion50_random_eeg.jsonl,occlusion50,random_eeg,1997,0.9594391587381071,0.040560841261892855,0.49424136204306457,0.8753129694541812,10.220831246870306,1033,0.23096144105157623,0.04556835252879321,0.03905858788182276,-0.062093139709564316,route5_qwenvl_adapter,Route5_Qwen2VL_full_lora_r8
Route5_Qwen2VL_full_lora_r8/eval/occlusion50_eeg_only.jsonl,occlusion50,eeg_only,1997,0.9439158738107161,0.056084126189283934,0.24787180771156736,0.7696544817225839,11.343515272909364,993,0.2194043007012461,0.04556835252879321,0.03905858788182276,-0.062093139709564316,route5_qwenvl_adapter,Route5_Qwen2VL_full_lora_r8
Route5_Qwen2VL_full_lora_r8/eval/strong_blur_vision_only.jsonl,strong_blur,vision_only,1997,0.8257386079118678,0.17426139208813218,0.4441662493740611,0.7701552328492739,9.181772658988482,382,0.2046255572169443,0.015022533800701066,0.06710065097646467,0.04656985478217324,route5_qwenvl_adapter,Route5_Qwen2VL_full_lora_r8
Route5_Qwen2VL_full_lora_r8/eval/strong_blur_real_eeg.jsonl,strong_blur,real_eeg,1997,0.8527791687531296,0.14722083124687035,0.45918878317476214,0.785678517776665,9.160240360540811,1331,0.19617534026647698,0.015022533800701066,0.06710065097646467,0.04656985478217324,route5_qwenvl_adapter,Route5_Qwen2VL_full_lora_r8
Route5_Qwen2VL_full_lora_r8/eval/strong_blur_shuffled_eeg.jsonl,strong_blur,shuffled_eeg,1997,0.8813219829744617,0.11867801702553826,0.39208813219829747,0.7821732598898348,9.108662994491738,1595,0.20127322185409316,0.015022533800701066,0.06710065097646467,0.04656985478217324,route5_qwenvl_adapter,Route5_Qwen2VL_full_lora_r8
Route5_Qwen2VL_full_lora_r8/eval/strong_blur_random_eeg.jsonl,strong_blur,random_eeg,1997,0.8407611417125689,0.15923885828743112,0.4126189283925889,0.7320981472208312,9.663995993990987,1388,0.20120122185720582,0.015022533800701066,0.06710065097646467,0.04656985478217324,route5_qwenvl_adapter,Route5_Qwen2VL_full_lora_r8
Route5_Qwen2VL_full_lora_r8/eval/strong_blur_eeg_only.jsonl,strong_blur,eeg_only,1997,0.8067100650976464,0.19328993490235358,0.2073109664496745,0.5878818227341012,10.365548322483725,1036,0.19758461507334818,0.015022533800701066,0.06710065097646467,0.04656985478217324,route5_qwenvl_adapter,Route5_Qwen2VL_full_lora_r8
Route5_Qwen2VL_full_lora_r8/eval/strong_noise_vision_only.jsonl,strong_noise,vision_only,1997,0.927891837756635,0.07210816224336503,0.3745618427641462,0.842764146219329,9.046569854782174,1593,0.18311017419680414,0.08713069604406609,0.08813219829744617,0.06760140210315474,route5_qwenvl_adapter,Route5_Qwen2VL_full_lora_r8
Route5_Qwen2VL_full_lora_r8/eval/strong_noise_real_eeg.jsonl,strong_noise,real_eeg,1997,0.9419128693039559,0.0580871306960441,0.4616925388082123,0.8743114672008012,8.967451176765147,1476,0.19297113057754017,0.08713069604406609,0.08813219829744617,0.06760140210315474,route5_qwenvl_adapter,Route5_Qwen2VL_full_lora_r8
Route5_Qwen2VL_full_lora_r8/eval/strong_noise_shuffled_eeg.jsonl,strong_noise,shuffled_eeg,1997,0.9349023535302955,0.0650976464697045,0.37356034051076614,0.8527791687531296,9.098147220831247,1707,0.1892015873738458,0.08713069604406609,0.08813219829744617,0.06760140210315474,route5_qwenvl_adapter,Route5_Qwen2VL_full_lora_r8
Route5_Qwen2VL_full_lora_r8/eval/strong_noise_random_eeg.jsonl,strong_noise,random_eeg,1997,0.9268903355032548,0.07310966449674516,0.3940911367050576,0.8602904356534802,9.631947921882825,1610,0.19468761639517776,0.08713069604406609,0.08813219829744617,0.06760140210315474,route5_qwenvl_adapter,Route5_Qwen2VL_full_lora_r8
Route5_Qwen2VL_full_lora_r8/eval/strong_noise_eeg_only.jsonl,strong_noise,eeg_only,1997,0.9384076114171257,0.0615923885828743,0.2694041061592389,0.8232348522784176,10.750625938908362,1118,0.19693076355570094,0.08713069604406609,0.08813219829744617,0.06760140210315474,route5_qwenvl_adapter,Route5_Qwen2VL_full_lora_r8
Route5_Qwen2VL_full_lora_r16/eval/clean_vision_only.jsonl,clean,vision_only,1997,0.956935403104657,0.04306459689534303,0.642964446670005,0.8497746619929895,9.56835252879319,357,0.21704289423368042,0.0070105157736605195,0.019529293940911296,0.0010015022533800266,route5_qwenvl_adapter,Route5_Qwen2VL_full_lora_r16
Route5_Qwen2VL_full_lora_r16/eval/clean_real_eeg.jsonl,clean,real_eeg,1997,0.9559339008512769,0.04406609914872306,0.6499749624436655,0.85778668002003,9.835753630445668,1134,0.21420867009249583,0.0070105157736605195,0.019529293940911296,0.0010015022533800266,route5_qwenvl_adapter,Route5_Qwen2VL_full_lora_r16
Route5_Qwen2VL_full_lora_r16/eval/clean_shuffled_eeg.jsonl,clean,shuffled_eeg,1997,0.9584376564847271,0.04156234351527288,0.6304456685027542,0.8607911867801703,9.85628442663996,1393,0.21501146158131634,0.0070105157736605195,0.019529293940911296,0.0010015022533800266,route5_qwenvl_adapter,Route5_Qwen2VL_full_lora_r16
Route5_Qwen2VL_full_lora_r16/eval/clean_random_eeg.jsonl,clean,random_eeg,1997,0.9739609414121182,0.026039058587881803,0.6489734601902855,0.8733099649474211,10.033049574361542,1071,0.21111629148684732,0.0070105157736605195,0.019529293940911296,0.0010015022533800266,route5_qwenvl_adapter,Route5_Qwen2VL_full_lora_r16
Route5_Qwen2VL_full_lora_r16/eval/clean_eeg_only.jsonl,clean,eeg_only,1997,0.9148723084626941,0.08512769153730593,0.21131697546319478,0.7255883825738608,11.060590886329495,816,0.20118526385426735,0.0070105157736605195,0.019529293940911296,0.0010015022533800266,route5_qwenvl_adapter,Route5_Qwen2VL_full_lora_r16
Route5_Qwen2VL_full_lora_r16/eval/lowres16_vision_only.jsonl,lowres16,vision_only,1997,0.6064096144216324,0.39359038557836756,0.09514271407110667,0.2704056084126189,7.447671507260892,314,0.15599049034201765,0.11216825237856784,0.11817726589884826,0.11467200801201802,route5_qwenvl_adapter,Route5_Qwen2VL_full_lora_r16
Route5_Qwen2VL_full_lora_r16/eval/lowres16_real_eeg.jsonl,lowres16,real_eeg,1997,0.7371056584877316,0.2628943415122684,0.2073109664496745,0.40761141712568855,9.42914371557336,1190,0.1739292435712065,0.11216825237856784,0.11817726589884826,0.11467200801201802,route5_qwenvl_adapter,Route5_Qwen2VL_full_lora_r16
Route5_Qwen2VL_full_lora_r16/eval/lowres16_shuffled_eeg.jsonl,lowres16,shuffled_eeg,1997,0.7401101652478718,0.25988983475212823,0.08913370055082624,0.36955433149724587,9.29444166249374,1251,0.17201892860380594,0.11216825237856784,0.11817726589884826,0.11467200801201802,route5_qwenvl_adapter,Route5_Qwen2VL_full_lora_r16
Route5_Qwen2VL_full_lora_r16/eval/lowres16_random_eeg.jsonl,lowres16,random_eeg,1997,0.6364546820230346,0.36354531797696543,0.09263895843765649,0.2924386579869805,8.249374061091638,1071,0.1632076555837197,0.11216825237856784,0.11817726589884826,0.11467200801201802,route5_qwenvl_adapter,Route5_Qwen2VL_full_lora_r16
Route5_Qwen2VL_full_lora_r16/eval/lowres16_eeg_only.jsonl,lowres16,eeg_only,1997,0.7916875312969455,0.20831246870305453,0.14621932899349024,0.49524286429644465,10.56685027541312,836,0.19004476717295948,0.11216825237856784,0.11817726589884826,0.11467200801201802,route5_qwenvl_adapter,Route5_Qwen2VL_full_lora_r16
Route5_Qwen2VL_full_lora_r16/eval/mixed_vision_only.jsonl,mixed,vision_only,1997,0.785678517776665,0.21432148222333502,0.03104656985478217,0.21782674011016526,11.366549824737106,237,0.18459153098612288,0.0886329494241362,0.08763144717075613,0.08062093139709564,route5_qwenvl_adapter,Route5_Qwen2VL_full_lora_r16
Route5_Qwen2VL_full_lora_r16/eval/mixed_real_eeg.jsonl,mixed,real_eeg,1997,0.8447671507260891,0.1552328492739109,0.11967951927891837,0.3910866299449174,11.28743114672008,1026,0.18744863743611864,0.0886329494241362,0.08763144717075613,0.08062093139709564,route5_qwenvl_adapter,Route5_Qwen2VL_full_lora_r16
Route5_Qwen2VL_full_lora_r16/eval/mixed_shuffled_eeg.jsonl,mixed,shuffled_eeg,1997,0.8432648973460191,0.15673510265398094,0.03204807210816224,0.38607911867801703,11.191787681522284,1080,0.18422874349263932,0.0886329494241362,0.08763144717075613,0.08062093139709564,route5_qwenvl_adapter,Route5_Qwen2VL_full_lora_r16
Route5_Qwen2VL_full_lora_r16/eval/mixed_random_eeg.jsonl,mixed,random_eeg,1997,0.8192288432648973,0.1807711567351027,0.03905858788182273,0.39659489233850775,11.44266399599399,895,0.1912093664972984,0.0886329494241362,0.08763144717075613,0.08062093139709564,route5_qwenvl_adapter,Route5_Qwen2VL_full_lora_r16
Route5_Qwen2VL_full_lora_r16/eval/mixed_eeg_only.jsonl,mixed,eeg_only,1997,0.8873309964947421,0.11266900350525788,0.16725087631447172,0.5943915873810716,11.638457686529796,857,0.1888947737846085,0.0886329494241362,0.08763144717075613,0.08062093139709564,route5_qwenvl_adapter,Route5_Qwen2VL_full_lora_r16
Route5_Qwen2VL_full_lora_r16/eval/occlusion50_vision_only.jsonl,occlusion50,vision_only,1997,0.9023535302954432,0.09764646970455682,0.4471707561342013,0.8157235853780671,9.950425638457686,340,0.223174874977579,0.045568352528793155,0.04456685027541313,0.0020030045067601088,route5_qwenvl_adapter,Route5_Qwen2VL_full_lora_r16
Route5_Qwen2VL_full_lora_r16/eval/occlusion50_real_eeg.jsonl,occlusion50,real_eeg,1997,0.899849774661993,0.10015022533800699,0.4927391086629945,0.829744616925388,9.899349023535303,1176,0.21339216895050647,0.045568352528793155,0.04456685027541313,0.0020030045067601088,route5_qwenvl_adapter,Route5_Qwen2VL_full_lora_r16
Route5_Qwen2VL_full_lora_r16/eval/occlusion50_shuffled_eeg.jsonl,occlusion50,shuffled_eeg,1997,0.9088632949424136,0.09113670505758642,0.44817225838758135,0.8062093139709564,9.871807711567351,1412,0.2097921593790397,0.045568352528793155,0.04456685027541313,0.0020030045067601088,route5_qwenvl_adapter,Route5_Qwen2VL_full_lora_r16
Route5_Qwen2VL_full_lora_r16/eval/occlusion50_random_eeg.jsonl,occlusion50,random_eeg,1997,0.9103655483224837,0.08963445167751627,0.49073610415623437,0.8497746619929895,10.211316975463195,1081,0.213991480616418,0.045568352528793155,0.04456685027541313,0.0020030045067601088,route5_qwenvl_adapter,Route5_Qwen2VL_full_lora_r16
Route5_Qwen2VL_full_lora_r16/eval/occlusion50_eeg_only.jsonl,occlusion50,eeg_only,1997,0.7956935403104657,0.20430645968953431,0.16024036054081123,0.585378067100651,10.73309964947421,931,0.18347765154224843,0.045568352528793155,0.04456685027541313,0.0020030045067601088,route5_qwenvl_adapter,Route5_Qwen2VL_full_lora_r16
Route5_Qwen2VL_full_lora_r16/eval/strong_blur_vision_only.jsonl,strong_blur,vision_only,1997,0.8733099649474211,0.12669003505257892,0.4031046569854782,0.7065598397596394,10.744116174261393,378,0.20301218005274088,0.027541311967951954,0.05157736604907365,0.0,route5_qwenvl_adapter,Route5_Qwen2VL_full_lora_r16
Route5_Qwen2VL_full_lora_r16/eval/strong_blur_real_eeg.jsonl,strong_blur,real_eeg,1997,0.8602904356534802,0.13970956434651982,0.43064596895343016,0.730095142714071,10.798698047070605,1238,0.19596354516234338,0.027541311967951954,0.05157736604907365,0.0,route5_qwenvl_adapter,Route5_Qwen2VL_full_lora_r16
Route5_Qwen2VL_full_lora_r16/eval/strong_blur_shuffled_eeg.jsonl,strong_blur,shuffled_eeg,1997,0.8437656484727091,0.15623435152729093,0.3790686029043565,0.7020530796194292,10.735102653980972,1474,0.19520075706855877,0.027541311967951954,0.05157736604907365,0.0,route5_qwenvl_adapter,Route5_Qwen2VL_full_lora_r16
Route5_Qwen2VL_full_lora_r16/eval/strong_blur_random_eeg.jsonl,strong_blur,random_eeg,1997,0.8828242363545318,0.11717576364546822,0.43064596895343016,0.7110665998998498,11.034051076614922,1234,0.19880076108168246,0.027541311967951954,0.05157736604907365,0.0,route5_qwenvl_adapter,Route5_Qwen2VL_full_lora_r16
Route5_Qwen2VL_full_lora_r16/eval/strong_blur_eeg_only.jsonl,strong_blur,eeg_only,1997,0.8467701552328493,0.15322984476715074,0.21582373560340512,0.7015523284927391,10.966950425638458,969,0.19871317271167047,0.027541311967951954,0.05157736604907365,0.0,route5_qwenvl_adapter,Route5_Qwen2VL_full_lora_r16
Route5_Qwen2VL_full_lora_r16/eval/strong_noise_vision_only.jsonl,strong_noise,vision_only,1997,0.8647971957936905,0.13520280420630948,0.24837255883825737,0.514772158237356,10.053580370555833,1306,0.16551318541804272,0.05558337506259392,0.060090135202804235,0.037556334501752664,route5_qwenvl_adapter,Route5_Qwen2VL_full_lora_r16
Route5_Qwen2VL_full_lora_r16/eval/strong_noise_real_eeg.jsonl,strong_noise,real_eeg,1997,0.8362543815723585,0.16374561842764146,0.3039559339008513,0.5593390085127692,10.027040560841263,1312,0.16412345374538662,0.05558337506259392,0.060090135202804235,0.037556334501752664,route5_qwenvl_adapter,Route5_Qwen2VL_full_lora_r16
Route5_Qwen2VL_full_lora_r16/eval/strong_noise_shuffled_eeg.jsonl,strong_noise,shuffled_eeg,1997,0.828743114672008,0.171256885327992,0.24386579869804706,0.5227841762643965,10.025037556334501,1432,0.16854216139393902,0.05558337506259392,0.060090135202804235,0.037556334501752664,route5_qwenvl_adapter,Route5_Qwen2VL_full_lora_r16
Route5_Qwen2VL_full_lora_r16/eval/strong_noise_random_eeg.jsonl,strong_noise,random_eeg,1997,0.8597896845267902,0.14021031547320983,0.26639959939909863,0.5603405107661492,10.266399599399099,1351,0.1655511141615298,0.05558337506259392,0.060090135202804235,0.037556334501752664,route5_qwenvl_adapter,Route5_Qwen2VL_full_lora_r16
Route5_Qwen2VL_full_lora_r16/eval/strong_noise_eeg_only.jsonl,strong_noise,eeg_only,1997,0.829243865798698,0.17075613420130198,0.1872809213820731,0.5908863294942414,10.547320981472208,923,0.17540545194526166,0.05558337506259392,0.060090135202804235,0.037556334501752664,route5_qwenvl_adapter,Route5_Qwen2VL_full_lora_r16
Route5_Qwen2VL_lora_r8_T1_class_only/eval/clean_vision_only.jsonl,clean,vision_only,1997,0.9689534301452178,0.031046569854782158,0.5878818227341012,0.7976965448172258,10.009013520280421,248,0.24299381973392986,-0.02003004506760142,0.025037556334501776,-0.03254882323485231,route5_qwenvl_adapter,Route5_Qwen2VL_lora_r8_T1_class_only
Route5_Qwen2VL_lora_r8_T1_class_only/eval/clean_real_eeg.jsonl,clean,real_eeg,1997,0.9614421632448673,0.03855783675513269,0.5678517776664997,0.7936905358037055,9.895843765648472,608,0.23922475732691054,-0.02003004506760142,0.025037556334501776,-0.03254882323485231,route5_qwenvl_adapter,Route5_Qwen2VL_lora_r8_T1_class_only
Route5_Qwen2VL_lora_r8_T1_class_only/eval/clean_shuffled_eeg.jsonl,clean,shuffled_eeg,1997,0.9644466700050075,0.0355533299949925,0.542814221331998,0.785177766649975,9.953930896344517,752,0.24147864042706307,-0.02003004506760142,0.025037556334501776,-0.03254882323485231,route5_qwenvl_adapter,Route5_Qwen2VL_lora_r8_T1_class_only
Route5_Qwen2VL_lora_r8_T1_class_only/eval/clean_random_eeg.jsonl,clean,random_eeg,1997,0.9849774661992989,0.015022533800701066,0.600400600901352,0.8152228342513771,9.910866299449173,577,0.2374167561698859,-0.02003004506760142,0.025037556334501776,-0.03254882323485231,route5_qwenvl_adapter,Route5_Qwen2VL_lora_r8_T1_class_only
Route5_Qwen2VL_lora_r8_T1_class_only/eval/clean_eeg_only.jsonl,clean,eeg_only,1997,0.9509263895843766,0.049073610415623414,0.16825237856785177,0.6765147721582374,10.72158237356034,501,0.22896454238467256,-0.02003004506760142,0.025037556334501776,-0.03254882323485231,route5_qwenvl_adapter,Route5_Qwen2VL_lora_r8_T1_class_only
Route5_Qwen2VL_lora_r8_T1_class_only/eval/lowres16_vision_only.jsonl,lowres16,vision_only,1997,0.9839759639459189,0.016024036054081092,0.16124186279419128,0.5312969454181272,8.913870806209314,159,0.287972775291253,0.10065097646469706,0.13019529293940912,0.10465698547821733,route5_qwenvl_adapter,Route5_Qwen2VL_lora_r8_T1_class_only
Route5_Qwen2VL_lora_r8_T1_class_only/eval/lowres16_real_eeg.jsonl,lowres16,real_eeg,1997,0.970956434651978,0.029043565348021994,0.26189283925888834,0.6419629444166249,9.758137205808714,507,0.27724362934678404,0.10065097646469706,0.13019529293940912,0.10465698547821733,route5_qwenvl_adapter,Route5_Qwen2VL_lora_r8_T1_class_only
Route5_Qwen2VL_lora_r8_T1_class_only/eval/lowres16_shuffled_eeg.jsonl,lowres16,shuffled_eeg,1997,0.9744616925388082,0.02553830746119179,0.13169754631947922,0.6469704556835253,9.7085628442664,584,0.2788617991922949,0.10065097646469706,0.13019529293940912,0.10465698547821733,route5_qwenvl_adapter,Route5_Qwen2VL_lora_r8_T1_class_only
Route5_Qwen2VL_lora_r8_T1_class_only/eval/lowres16_random_eeg.jsonl,lowres16,random_eeg,1997,0.9729594391587381,0.02704056084126194,0.157235853780671,0.7035553329994992,9.4371557336004,456,0.3011864380542398,0.10065097646469706,0.13019529293940912,0.10465698547821733,route5_qwenvl_adapter,Route5_Qwen2VL_lora_r8_T1_class_only
Route5_Qwen2VL_lora_r8_T1_class_only/eval/lowres16_eeg_only.jsonl,lowres16,eeg_only,1997,0.9243865798698047,0.07561342013019534,0.16074111166750124,0.5087631447170756,11.921882824236354,647,0.2109133480440441,0.10065097646469706,0.13019529293940912,0.10465698547821733,route5_qwenvl_adapter,Route5_Qwen2VL_lora_r8_T1_class_only
Route5_Qwen2VL_lora_r8_T1_class_only/eval/mixed_vision_only.jsonl,mixed,vision_only,1997,0.9969954932398598,0.003004506760140191,0.03405107661492238,0.21632448673009513,10.803204807210816,78,0.20801170259107166,0.1767651477215824,0.16925388082123186,0.1452178267401102,route5_qwenvl_adapter,Route5_Qwen2VL_lora_r8_T1_class_only
Route5_Qwen2VL_lora_r8_T1_class_only/eval/mixed_real_eeg.jsonl,mixed,real_eeg,1997,0.9909864797195793,0.009013520280420684,0.21081622433650477,0.5888833249874812,10.691537305958938,520,0.2463472848300089,0.1767651477215824,0.16925388082123186,0.1452178267401102,route5_qwenvl_adapter,Route5_Qwen2VL_lora_r8_T1_class_only
Route5_Qwen2VL_lora_r8_T1_class_only/eval/mixed_shuffled_eeg.jsonl,mixed,shuffled_eeg,1997,0.9924887330996495,0.007511266900350533,0.04156234351527291,0.5983975963945919,10.551827741612419,545,0.25165030540593886,0.1767651477215824,0.16925388082123186,0.1452178267401102,route5_qwenvl_adapter,Route5_Qwen2VL_lora_r8_T1_class_only
Route5_Qwen2VL_lora_r8_T1_class_only/eval/mixed_random_eeg.jsonl,mixed,random_eeg,1997,0.9929894842263395,0.0070105157736605195,0.06559839759639459,0.6905358037055583,11.29694541812719,515,0.25286437815231,0.1767651477215824,0.16925388082123186,0.1452178267401102,route5_qwenvl_adapter,Route5_Qwen2VL_lora_r8_T1_class_only
Route5_Qwen2VL_lora_r8_T1_class_only/eval/mixed_eeg_only.jsonl,mixed,eeg_only,1997,0.8442663995993991,0.1557336004006009,0.14922383575363043,0.5197796695042564,11.244366549824736,786,0.19547634388645904,0.1767651477215824,0.16925388082123186,0.1452178267401102,route5_qwenvl_adapter,Route5_Qwen2VL_lora_r8_T1_class_only
Route5_Qwen2VL_lora_r8_T1_class_only/eval/occlusion50_vision_only.jsonl,occlusion50,vision_only,1997,0.9704556835252879,0.029544316474712118,0.46920380570856285,0.7921882824236355,11.205808713069604,259,0.23446093354706274,0.06059088632949422,0.07310966449674511,0.004506760140210342,route5_qwenvl_adapter,Route5_Qwen2VL_lora_r8_T1_class_only
Route5_Qwen2VL_lora_r8_T1_class_only/eval/occlusion50_real_eeg.jsonl,occlusion50,real_eeg,1997,0.9449173760640961,0.05508262393590391,0.5297946920380571,0.8252378567851778,11.167751627441161,724,0.23885710489365972,0.06059088632949422,0.07310966449674511,0.004506760140210342,route5_qwenvl_adapter,Route5_Qwen2VL_lora_r8_T1_class_only
Route5_Qwen2VL_lora_r8_T1_class_only/eval/occlusion50_shuffled_eeg.jsonl,occlusion50,shuffled_eeg,1997,0.9599399098647972,0.04006009013520284,0.45668502754131196,0.8347521281922884,11.167751627441161,929,0.2404289806893713,0.06059088632949422,0.07310966449674511,0.004506760140210342,route5_qwenvl_adapter,Route5_Qwen2VL_lora_r8_T1_class_only
Route5_Qwen2VL_lora_r8_T1_class_only/eval/occlusion50_random_eeg.jsonl,occlusion50,random_eeg,1997,0.9529293940911367,0.04707060590886325,0.5252879318978467,0.8738107160741112,11.405107661492238,818,0.24085697866368874,0.06059088632949422,0.07310966449674511,0.004506760140210342,route5_qwenvl_adapter,Route5_Qwen2VL_lora_r8_T1_class_only
Route5_Qwen2VL_lora_r8_T1_class_only/eval/occlusion50_eeg_only.jsonl,occlusion50,eeg_only,1997,0.8908362543815723,0.10916374561842768,0.16474712068102154,0.5963945918878317,11.351527290936405,800,0.21101682771687777,0.06059088632949422,0.07310966449674511,0.004506760140210342,route5_qwenvl_adapter,Route5_Qwen2VL_lora_r8_T1_class_only
Route5_Qwen2VL_lora_r8_T1_class_only/eval/strong_blur_vision_only.jsonl,strong_blur,vision_only,1997,0.9519278918377566,0.04807210816224339,0.40911367050575864,0.7826740110165248,9.871306960440661,239,0.26389215024668206,0.0015022533800700955,0.024536805207811707,-0.021532298447671516,route5_qwenvl_adapter,Route5_Qwen2VL_lora_r8_T1_class_only
Route5_Qwen2VL_lora_r8_T1_class_only/eval/strong_blur_real_eeg.jsonl,strong_blur,real_eeg,1997,0.9238858287431146,0.07611417125688535,0.41061592388582874,0.7816725087631448,10.101652478718076,656,0.254285508904938,0.0015022533800700955,0.024536805207811707,-0.021532298447671516,route5_qwenvl_adapter,Route5_Qwen2VL_lora_r8_T1_class_only
Route5_Qwen2VL_lora_r8_T1_class_only/eval/strong_blur_shuffled_eeg.jsonl,strong_blur,shuffled_eeg,1997,0.9384076114171257,0.0615923885828743,0.38607911867801703,0.8047070605908864,10.127691537305958,795,0.254014050546349,0.0015022533800700955,0.024536805207811707,-0.021532298447671516,route5_qwenvl_adapter,Route5_Qwen2VL_lora_r8_T1_class_only
Route5_Qwen2VL_lora_r8_T1_class_only/eval/strong_blur_random_eeg.jsonl,strong_blur,random_eeg,1997,0.942914371557336,0.05708562844266396,0.43214822233350025,0.8167250876314471,10.00550826239359,649,0.2534286430756135,0.0015022533800700955,0.024536805207811707,-0.021532298447671516,route5_qwenvl_adapter,Route5_Qwen2VL_lora_r8_T1_class_only
Route5_Qwen2VL_lora_r8_T1_class_only/eval/strong_blur_eeg_only.jsonl,strong_blur,eeg_only,1997,0.9318978467701552,0.06810215322984481,0.16825237856785177,0.5698547821732599,11.657986980470707,708,0.21315265161033814,0.0015022533800700955,0.024536805207811707,-0.021532298447671516,route5_qwenvl_adapter,Route5_Qwen2VL_lora_r8_T1_class_only
Route5_Qwen2VL_lora_r8_T1_class_only/eval/strong_noise_vision_only.jsonl,strong_noise,vision_only,1997,0.9494241362043064,0.050575863795693565,0.3545317976965448,0.8497746619929895,9.958437656484728,615,0.2528135151445116,0.08512769153730598,0.0826239359038558,0.050575863795693565,route5_qwenvl_adapter,Route5_Qwen2VL_lora_r8_T1_class_only
Route5_Qwen2VL_lora_r8_T1_class_only/eval/strong_noise_real_eeg.jsonl,strong_noise,real_eeg,1997,0.9374061091637457,0.06259389083625433,0.4396594892338508,0.8397596394591887,9.972458688032049,759,0.25389416403437437,0.08512769153730598,0.0826239359038558,0.050575863795693565,route5_qwenvl_adapter,Route5_Qwen2VL_lora_r8_T1_class_only
Route5_Qwen2VL_lora_r8_T1_class_only/eval/strong_noise_shuffled_eeg.jsonl,strong_noise,shuffled_eeg,1997,0.9534301452178268,0.04656985478217324,0.357035553329995,0.85628442663996,9.821231847771658,892,0.2559541346096178,0.08512769153730598,0.0826239359038558,0.050575863795693565,route5_qwenvl_adapter,Route5_Qwen2VL_lora_r8_T1_class_only
Route5_Qwen2VL_lora_r8_T1_class_only/eval/strong_noise_random_eeg.jsonl,strong_noise,random_eeg,1997,0.9499248873309964,0.05007511266900355,0.3890836254381572,0.8888332498748123,10.238357536304457,755,0.2473609918151731,0.08512769153730598,0.0826239359038558,0.050575863795693565,route5_qwenvl_adapter,Route5_Qwen2VL_lora_r8_T1_class_only
Route5_Qwen2VL_lora_r8_T1_class_only/eval/strong_noise_eeg_only.jsonl,strong_noise,eeg_only,1997,0.8868302453680521,0.1131697546319479,0.17075613420130195,0.599899849774662,11.461692538808212,894,0.21354947005923472,0.08512769153730598,0.0826239359038558,0.050575863795693565,route5_qwenvl_adapter,Route5_Qwen2VL_lora_r8_T1_class_only
Route5_Qwen2VL_lora_r8_T3_class_plus_blip/eval/clean_vision_only.jsonl,clean,vision_only,1997,0.9944917376064096,0.0055082623935903685,0.5217826740110165,0.9559339008512769,8.352528793189785,212,0.22093464455757894,0.036554832248372526,0.019028542814221283,-0.011517275913870861,route5_qwenvl_adapter,Route5_Qwen2VL_lora_r8_T3_class_plus_blip
Route5_Qwen2VL_lora_r8_T3_class_plus_blip/eval/clean_real_eeg.jsonl,clean,real_eeg,1997,0.9889834752128193,0.011016524787180737,0.558337506259389,0.9674511767651477,8.366049073610416,492,0.2159263662393357,0.036554832248372526,0.019028542814221283,-0.011517275913870861,route5_qwenvl_adapter,Route5_Qwen2VL_lora_r8_T3_class_plus_blip
Route5_Qwen2VL_lora_r8_T3_class_plus_blip/eval/clean_shuffled_eeg.jsonl,clean,shuffled_eeg,1997,0.9909864797195793,0.009013520280420684,0.5393089634451678,0.970956434651978,8.451677516274412,627,0.21631926327720016,0.036554832248372526,0.019028542814221283,-0.011517275913870861,route5_qwenvl_adapter,Route5_Qwen2VL_lora_r8_T3_class_plus_blip
Route5_Qwen2VL_lora_r8_T3_class_plus_blip/eval/clean_random_eeg.jsonl,clean,random_eeg,1997,0.9949924887330996,0.005007511266900355,0.5698547821732599,0.9559339008512769,8.780671006509765,441,0.21759730282514458,0.036554832248372526,0.019028542814221283,-0.011517275913870861,route5_qwenvl_adapter,Route5_Qwen2VL_lora_r8_T3_class_plus_blip
Route5_Qwen2VL_lora_r8_T3_class_plus_blip/eval/clean_eeg_only.jsonl,clean,eeg_only,1997,0.8127190786179269,0.18728092138207308,0.21181772658988482,0.7421131697546319,9.28743114672008,860,0.20387576730841628,0.036554832248372526,0.019028542814221283,-0.011517275913870861,route5_qwenvl_adapter,Route5_Qwen2VL_lora_r8_T3_class_plus_blip
Route5_Qwen2VL_lora_r8_T3_class_plus_blip/eval/lowres16_vision_only.jsonl,lowres16,vision_only,1997,0.9929894842263395,0.0070105157736605195,0.1742613920881322,0.9889834752128193,7.115673510265398,127,0.2624437044066488,0.11367050575863794,0.1271907861792689,0.09113670505758636,route5_qwenvl_adapter,Route5_Qwen2VL_lora_r8_T3_class_plus_blip
Route5_Qwen2VL_lora_r8_T3_class_plus_blip/eval/lowres16_real_eeg.jsonl,lowres16,real_eeg,1997,0.9809714571857787,0.019028542814221283,0.28793189784677015,0.9939909864797196,7.474211316975463,423,0.2612563019798873,0.11367050575863794,0.1271907861792689,0.09113670505758636,route5_qwenvl_adapter,Route5_Qwen2VL_lora_r8_T3_class_plus_blip
Route5_Qwen2VL_lora_r8_T3_class_plus_blip/eval/lowres16_shuffled_eeg.jsonl,lowres16,shuffled_eeg,1997,0.9804707060590886,0.019529293940911407,0.16074111166750124,0.9914872308462694,7.522283425137706,508,0.26049140866366705,0.11367050575863794,0.1271907861792689,0.09113670505758636,route5_qwenvl_adapter,Route5_Qwen2VL_lora_r8_T3_class_plus_blip
Route5_Qwen2VL_lora_r8_T3_class_plus_blip/eval/lowres16_random_eeg.jsonl,lowres16,random_eeg,1997,0.9979969954932398,0.0020030045067601643,0.19679519278918378,0.9749624436654982,8.073610415623435,443,0.26076076735816345,0.11367050575863794,0.1271907861792689,0.09113670505758636,route5_qwenvl_adapter,Route5_Qwen2VL_lora_r8_T3_class_plus_blip
Route5_Qwen2VL_lora_r8_T3_class_plus_blip/eval/lowres16_eeg_only.jsonl,lowres16,eeg_only,1997,0.801201802704056,0.19879819729594395,0.17225838758137205,0.6895343014521783,8.649974962443666,756,0.18996112383693756,0.11367050575863794,0.1271907861792689,0.09113670505758636,route5_qwenvl_adapter,Route5_Qwen2VL_lora_r8_T3_class_plus_blip
Route5_Qwen2VL_lora_r8_T3_class_plus_blip/eval/mixed_vision_only.jsonl,mixed,vision_only,1997,1.0,0.0,0.08212318477716575,0.8823234852278418,8.564346519779669,118,0.24023616037887444,0.16925388082123188,0.17325988983475216,0.1582373560340511,route5_qwenvl_adapter,Route5_Qwen2VL_lora_r8_T3_class_plus_blip
Route5_Qwen2VL_lora_r8_T3_class_plus_blip/eval/mixed_real_eeg.jsonl,mixed,real_eeg,1997,0.9964947421131698,0.0035052578868302042,0.2513770655983976,0.9834752128192289,9.369053580370556,607,0.24188841259447166,0.16925388082123188,0.17325988983475216,0.1582373560340511,route5_qwenvl_adapter,Route5_Qwen2VL_lora_r8_T3_class_plus_blip
Route5_Qwen2VL_lora_r8_T3_class_plus_blip/eval/mixed_shuffled_eeg.jsonl,mixed,shuffled_eeg,1997,0.9964947421131698,0.0035052578868302042,0.07811717576364546,0.9844767150726089,9.419128693039559,661,0.24011078222395196,0.16925388082123188,0.17325988983475216,0.1582373560340511,route5_qwenvl_adapter,Route5_Qwen2VL_lora_r8_T3_class_plus_blip
Route5_Qwen2VL_lora_r8_T3_class_plus_blip/eval/mixed_random_eeg.jsonl,mixed,random_eeg,1997,0.99899849774662,0.0010015022533800266,0.09313970956434652,0.970956434651978,10.363545317976966,538,0.23516639289047903,0.16925388082123188,0.17325988983475216,0.1582373560340511,route5_qwenvl_adapter,Route5_Qwen2VL_lora_r8_T3_class_plus_blip
Route5_Qwen2VL_lora_r8_T3_class_plus_blip/eval/mixed_eeg_only.jsonl,mixed,eeg_only,1997,0.8417626439659489,0.1582373560340511,0.20330495743615423,0.7366049073610416,9.774161241862794,924,0.1957701134341094,0.16925388082123188,0.17325988983475216,0.1582373560340511,route5_qwenvl_adapter,Route5_Qwen2VL_lora_r8_T3_class_plus_blip
Route5_Qwen2VL_lora_r8_T3_class_plus_blip/eval/occlusion50_vision_only.jsonl,occlusion50,vision_only,1997,0.985478217325989,0.014521782674011052,0.37105658487731596,0.9939909864797196,8.494742113169755,201,0.21230026719510944,0.02653980971457187,-0.02553830746119179,-0.11667501251877815,route5_qwenvl_adapter,Route5_Qwen2VL_lora_r8_T3_class_plus_blip
Route5_Qwen2VL_lora_r8_T3_class_plus_blip/eval/occlusion50_real_eeg.jsonl,occlusion50,real_eeg,1997,0.9554331497245869,0.04456685027541307,0.39759639459188784,0.9974962443665498,8.42513770655984,604,0.20322961270632778,0.02653980971457187,-0.02553830746119179,-0.11667501251877815,route5_qwenvl_adapter,Route5_Qwen2VL_lora_r8_T3_class_plus_blip
Route5_Qwen2VL_lora_r8_T3_class_plus_blip/eval/occlusion50_shuffled_eeg.jsonl,occlusion50,shuffled_eeg,1997,0.9799699549323986,0.02003004506760142,0.4231347020530796,0.99899849774662,8.631447170756134,784,0.20500228642441962,0.02653980971457187,-0.02553830746119179,-0.11667501251877815,route5_qwenvl_adapter,Route5_Qwen2VL_lora_r8_T3_class_plus_blip
Route5_Qwen2VL_lora_r8_T3_class_plus_blip/eval/occlusion50_random_eeg.jsonl,occlusion50,random_eeg,1997,0.9904857285928893,0.009514271407110697,0.514271407110666,0.9879819729594391,8.764146219328994,563,0.20966559451787295,0.02653980971457187,-0.02553830746119179,-0.11667501251877815,route5_qwenvl_adapter,Route5_Qwen2VL_lora_r8_T3_class_plus_blip
Route5_Qwen2VL_lora_r8_T3_class_plus_blip/eval/occlusion50_eeg_only.jsonl,occlusion50,eeg_only,1997,0.8632949424136205,0.13670505758637952,0.2443665498247371,0.8497746619929895,9.751627441161743,873,0.1794857370971542,0.02653980971457187,-0.02553830746119179,-0.11667501251877815,route5_qwenvl_adapter,Route5_Qwen2VL_lora_r8_T3_class_plus_blip
Route5_Qwen2VL_lora_r8_T3_class_plus_blip/eval/strong_blur_vision_only.jsonl,strong_blur,vision_only,1997,0.9974962443665498,0.0025037556334501776,0.3254882323485228,0.9789684526790186,8.124687030545818,183,0.25679127665857754,0.027040560841261885,0.03605408112168257,-0.0776164246369554,route5_qwenvl_adapter,Route5_Qwen2VL_lora_r8_T3_class_plus_blip
Route5_Qwen2VL_lora_r8_T3_class_plus_blip/eval/strong_blur_real_eeg.jsonl,strong_blur,real_eeg,1997,0.9794692038057086,0.020530796194291434,0.3525287931897847,0.9824737105658488,8.128192288432649,479,0.2478889565895074,0.027040560841261885,0.03605408112168257,-0.0776164246369554,route5_qwenvl_adapter,Route5_Qwen2VL_lora_r8_T3_class_plus_blip
Route5_Qwen2VL_lora_r8_T3_class_plus_blip/eval/strong_blur_shuffled_eeg.jsonl,strong_blur,shuffled_eeg,1997,0.9859789684526791,0.014021031547320928,0.3164747120681021,0.9829744616925388,8.160240360540811,612,0.24673716229800355,0.027040560841261885,0.03605408112168257,-0.0776164246369554,route5_qwenvl_adapter,Route5_Qwen2VL_lora_r8_T3_class_plus_blip
Route5_Qwen2VL_lora_r8_T3_class_plus_blip/eval/strong_blur_random_eeg.jsonl,strong_blur,random_eeg,1997,0.9949924887330996,0.005007511266900355,0.4301452178267401,0.9649474211316975,8.410115172759138,517,0.25110728863858556,0.027040560841261885,0.03605408112168257,-0.0776164246369554,route5_qwenvl_adapter,Route5_Qwen2VL_lora_r8_T3_class_plus_blip
Route5_Qwen2VL_lora_r8_T3_class_plus_blip/eval/strong_blur_eeg_only.jsonl,strong_blur,eeg_only,1997,0.8347521281922884,0.1652478718077116,0.19178768152228343,0.7085628442663996,9.457185778668002,881,0.2155136578772032,0.027040560841261885,0.03605408112168257,-0.0776164246369554,route5_qwenvl_adapter,Route5_Qwen2VL_lora_r8_T3_class_plus_blip
Route5_Qwen2VL_lora_r8_T3_class_plus_blip/eval/strong_noise_vision_only.jsonl,strong_noise,vision_only,1997,0.9984977466199298,0.001502253380070151,0.2704056084126189,0.9669504256384577,8.732098147220832,763,0.19957411836480438,0.027541311967951954,0.009514271407110642,-0.0485728592889334,route5_qwenvl_adapter,Route5_Qwen2VL_lora_r8_T3_class_plus_blip
Route5_Qwen2VL_lora_r8_T3_class_plus_blip/eval/strong_noise_real_eeg.jsonl,strong_noise,real_eeg,1997,0.9974962443665498,0.0025037556334501776,0.29794692038057086,0.9789684526790186,8.790185277916875,841,0.20884255537485383,0.027541311967951954,0.009514271407110642,-0.0485728592889334,route5_qwenvl_adapter,Route5_Qwen2VL_lora_r8_T3_class_plus_blip
Route5_Qwen2VL_lora_r8_T3_class_plus_blip/eval/strong_noise_shuffled_eeg.jsonl,strong_noise,shuffled_eeg,1997,0.9954932398597897,0.004506760140210342,0.2884326489734602,0.9819729594391587,8.815723585378066,950,0.20216598624210042,0.027541311967951954,0.009514271407110642,-0.0485728592889334,route5_qwenvl_adapter,Route5_Qwen2VL_lora_r8_T3_class_plus_blip
Route5_Qwen2VL_lora_r8_T3_class_plus_blip/eval/strong_noise_random_eeg.jsonl,strong_noise,random_eeg,1997,0.9924887330996495,0.007511266900350533,0.34651977966950426,0.9834752128192289,8.881321982974463,784,0.21148380774069309,0.027541311967951954,0.009514271407110642,-0.0485728592889334,route5_qwenvl_adapter,Route5_Qwen2VL_lora_r8_T3_class_plus_blip
Route5_Qwen2VL_lora_r8_T3_class_plus_blip/eval/strong_noise_eeg_only.jsonl,strong_noise,eeg_only,1997,0.8688032048072108,0.13119679519278915,0.2013019529293941,0.7055583375062594,9.99849774661993,831,0.19264002008118178,0.027541311967951954,0.009514271407110642,-0.0485728592889334,route5_qwenvl_adapter,Route5_Qwen2VL_lora_r8_T3_class_plus_blip
Route1_QwenLoRA_r8_full_clean_target/eval/clean_vision_only.jsonl,clean,vision_only,1997,0.6770155232849274,0.3229844767150726,0.13169754631947922,0.13169754631947922,5.248372558838257,50,0.23662701844975254,-0.01602403605408112,0.0065097646469704645,0.022533800701051585,route1_qwen_inputs_embeds,Route1_QwenLoRA_r8_full_clean_target
Route1_QwenLoRA_r8_full_clean_target/eval/clean_real_eeg.jsonl,clean,real_eeg,1997,0.642964446670005,0.35703555332999504,0.1156735102653981,0.11617426139208813,5.28192288432649,68,0.2609326688445367,-0.01602403605408112,0.0065097646469704645,0.022533800701051585,route1_qwen_inputs_embeds,Route1_QwenLoRA_r8_full_clean_target
Route1_QwenLoRA_r8_full_clean_target/eval/clean_shuffled_eeg.jsonl,clean,shuffled_eeg,1997,0.6825237856785178,0.3174762143214822,0.10916374561842764,0.11767651477215824,5.160741111667501,85,0.2409781199716102,-0.01602403605408112,0.0065097646469704645,0.022533800701051585,route1_qwen_inputs_embeds,Route1_QwenLoRA_r8_full_clean_target
Route1_QwenLoRA_r8_full_clean_target/eval/clean_random_eeg.jsonl,clean,random_eeg,1997,0.7015523284927391,0.2984476715072609,0.09313970956434652,0.09464196294441662,4.894341512268403,57,0.24674413246020657,-0.01602403605408112,0.0065097646469704645,0.022533800701051585,route1_qwen_inputs_embeds,Route1_QwenLoRA_r8_full_clean_target
Route1_QwenLoRA_r8_full_clean_target/eval/clean_eeg_only.jsonl,clean,eeg_only,1997,0.41211817726589883,0.5878818227341012,0.057085628442663995,0.19228843264897347,5.600400600901352,193,0.23574804014213127,-0.01602403605408112,0.0065097646469704645,0.022533800701051585,route1_qwen_inputs_embeds,Route1_QwenLoRA_r8_full_clean_target
Route1_QwenLoRA_r8_full_clean_target/eval/lowres16_vision_only.jsonl,lowres16,vision_only,1997,0.8918377566349525,0.10816224336504754,0.04656985478217326,0.11417125688532799,3.468703054581873,35,0.0804492452965162,-0.0020030045067601365,0.027040560841261895,0.003505257886830246,route1_qwen_inputs_embeds,Route1_QwenLoRA_r8_full_clean_target
Route1_QwenLoRA_r8_full_clean_target/eval/lowres16_real_eeg.jsonl,lowres16,real_eeg,1997,0.6835252879318978,0.3164747120681022,0.04456685027541312,0.0871306960440661,3.130696044066099,42,0.06158761952452488,-0.0020030045067601365,0.027040560841261895,0.003505257886830246,route1_qwen_inputs_embeds,Route1_QwenLoRA_r8_full_clean_target
Route1_QwenLoRA_r8_full_clean_target/eval/lowres16_shuffled_eeg.jsonl,lowres16,shuffled_eeg,1997,0.6725087631447171,0.3274912368552829,0.017526289434151226,0.08612919379068602,3.0806209313970956,39,0.05528451407269634,-0.0020030045067601365,0.027040560841261895,0.003505257886830246,route1_qwen_inputs_embeds,Route1_QwenLoRA_r8_full_clean_target
Route1_QwenLoRA_r8_full_clean_target/eval/lowres16_random_eeg.jsonl,lowres16,random_eeg,1997,0.6885327991987982,0.3114672008012018,0.041061592388582875,0.11066599899849774,3.4411617426139207,38,0.11083331346225687,-0.0020030045067601365,0.027040560841261895,0.003505257886830246,route1_qwen_inputs_embeds,Route1_QwenLoRA_r8_full_clean_target
Route1_QwenLoRA_r8_full_clean_target/eval/lowres16_eeg_only.jsonl,lowres16,eeg_only,1997,0.5242864296444667,0.4757135703555333,0.13520280420630945,0.5192789183775663,7.3525287931897845,643,0.3274937256033901,-0.0020030045067601365,0.027040560841261895,0.003505257886830246,route1_qwen_inputs_embeds,Route1_QwenLoRA_r8_full_clean_target
Route1_QwenLoRA_r8_full_clean_target/eval/mixed_vision_only.jsonl,mixed,vision_only,1997,0.3675513269904857,0.6324486730095142,0.01602403605408112,0.19078617926890334,7.087631447170756,36,0.5136737573893307,0.03655483224837256,0.04656985478217326,0.04757135703555333,route1_qwen_inputs_embeds,Route1_QwenLoRA_r8_full_clean_target
Route1_QwenLoRA_r8_full_clean_target/eval/mixed_real_eeg.jsonl,mixed,real_eeg,1997,0.3400100150225338,0.6599899849774662,0.05257886830245368,0.11266900350525788,7.162243365047571,80,0.5023377293156962,0.03655483224837256,0.04656985478217326,0.04757135703555333,route1_qwen_inputs_embeds,Route1_QwenLoRA_r8_full_clean_target
Route1_QwenLoRA_r8_full_clean_target/eval/mixed_shuffled_eeg.jsonl,mixed,shuffled_eeg,1997,0.34651977966950426,0.6534802203304957,0.006009013520280421,0.11016524787180772,7.086129193790686,80,0.501584375119678,0.03655483224837256,0.04656985478217326,0.04757135703555333,route1_qwen_inputs_embeds,Route1_QwenLoRA_r8_full_clean_target
Route1_QwenLoRA_r8_full_clean_target/eval/mixed_random_eeg.jsonl,mixed,random_eeg,1997,0.3184777165748623,0.6815222834251378,0.005007511266900351,0.19028542814221333,6.867801702553831,54,0.6215463346534954,0.03655483224837256,0.04656985478217326,0.04757135703555333,route1_qwen_inputs_embeds,Route1_QwenLoRA_r8_full_clean_target
Route1_QwenLoRA_r8_full_clean_target/eval/mixed_eeg_only.jsonl,mixed,eeg_only,1997,0.3329994992488733,0.6670005007511267,0.07511266900350526,0.2819228843264897,8.603905858788183,501,0.3264420745892954,0.03655483224837256,0.04656985478217326,0.04757135703555333,route1_qwen_inputs_embeds,Route1_QwenLoRA_r8_full_clean_target
Route1_QwenLoRA_r8_full_clean_target/eval/occlusion50_vision_only.jsonl,occlusion50,vision_only,1997,0.6614922383575363,0.33850776164246366,0.07611417125688533,0.08512769153730596,5.023535302954432,28,0.36899515940577526,-0.003004506760140205,0.012018027040560847,0.0,route1_qwen_inputs_embeds,Route1_QwenLoRA_r8_full_clean_target
Route1_QwenLoRA_r8_full_clean_target/eval/occlusion50_real_eeg.jsonl,occlusion50,real_eeg,1997,0.6760140210315473,0.3239859789684527,0.07310966449674512,0.07811717576364546,5.0,41,0.34832819214391575,-0.003004506760140205,0.012018027040560847,0.0,route1_qwen_inputs_embeds,Route1_QwenLoRA_r8_full_clean_target
Route1_QwenLoRA_r8_full_clean_target/eval/occlusion50_shuffled_eeg.jsonl,occlusion50,shuffled_eeg,1997,0.6930395593390085,0.3069604406609915,0.061091637456184275,0.08262393590385578,4.896845267901853,50,0.3363696338158031,-0.003004506760140205,0.012018027040560847,0.0,route1_qwen_inputs_embeds,Route1_QwenLoRA_r8_full_clean_target
Route1_QwenLoRA_r8_full_clean_target/eval/occlusion50_random_eeg.jsonl,occlusion50,random_eeg,1997,0.5097646469704556,0.49023535302954435,0.07310966449674512,0.08262393590385578,5.754631947921883,44,0.4601290825126579,-0.003004506760140205,0.012018027040560847,0.0,route1_qwen_inputs_embeds,Route1_QwenLoRA_r8_full_clean_target
Route1_QwenLoRA_r8_full_clean_target/eval/occlusion50_eeg_only.jsonl,occlusion50,eeg_only,1997,0.4376564847270906,0.5623435152729094,0.13520280420630945,0.5212819228843265,7.983975963945919,973,0.3192444358067793,-0.003004506760140205,0.012018027040560847,0.0,route1_qwen_inputs_embeds,Route1_QwenLoRA_r8_full_clean_target
Route1_QwenLoRA_r8_full_clean_target/eval/strong_blur_vision_only.jsonl,strong_blur,vision_only,1997,0.32498748122183274,0.6750125187781673,0.10665998998497747,0.12018027040560841,6.816725087631447,62,0.5401175564545618,-0.011016524787180779,0.015523284927391079,0.017025538307461188,route1_qwen_inputs_embeds,Route1_QwenLoRA_r8_full_clean_target
Route1_QwenLoRA_r8_full_clean_target/eval/strong_blur_real_eeg.jsonl,strong_blur,real_eeg,1997,0.4411617426139209,0.5588382573860791,0.09564346519779669,0.10515773660490736,6.194792188282424,82,0.49217826073109,-0.011016524787180779,0.015523284927391079,0.017025538307461188,route1_qwen_inputs_embeds,Route1_QwenLoRA_r8_full_clean_target
Route1_QwenLoRA_r8_full_clean_target/eval/strong_blur_shuffled_eeg.jsonl,strong_blur,shuffled_eeg,1997,0.4742113169754632,0.5257886830245369,0.08012018027040561,0.10916374561842764,6.097646469704557,94,0.48080129685037043,-0.011016524787180779,0.015523284927391079,0.017025538307461188,route1_qwen_inputs_embeds,Route1_QwenLoRA_r8_full_clean_target
Route1_QwenLoRA_r8_full_clean_target/eval/strong_blur_random_eeg.jsonl,strong_blur,random_eeg,1997,0.45718577866800203,0.542814221331998,0.0786179268903355,0.09213820731096645,5.986980470706059,51,0.5309307756728888,-0.011016524787180779,0.015523284927391079,0.017025538307461188,route1_qwen_inputs_embeds,Route1_QwenLoRA_r8_full_clean_target
Route1_QwenLoRA_r8_full_clean_target/eval/strong_blur_eeg_only.jsonl,strong_blur,eeg_only,1997,0.37105658487731596,0.628943415122684,0.0771156735102654,0.27240861291937907,7.349524286429644,885,0.2715137822173375,-0.011016524787180779,0.015523284927391079,0.017025538307461188,route1_qwen_inputs_embeds,Route1_QwenLoRA_r8_full_clean_target
Route1_QwenLoRA_r8_full_clean_target/eval/strong_noise_vision_only.jsonl,strong_noise,vision_only,1997,0.3259889834752128,0.6740110165247872,0.1542313470205308,0.20380570856284427,8.626940410615925,96,0.3190413770283575,0.02653980971457187,0.053079619429143715,0.053079619429143715,route1_qwen_inputs_embeds,Route1_QwenLoRA_r8_full_clean_target
Route1_QwenLoRA_r8_full_clean_target/eval/strong_noise_real_eeg.jsonl,strong_noise,real_eeg,1997,0.32398597896845266,0.6760140210315473,0.18077115673510266,0.21782674011016526,8.510265398097145,111,0.3086651816997335,0.02653980971457187,0.053079619429143715,0.053079619429143715,route1_qwen_inputs_embeds,Route1_QwenLoRA_r8_full_clean_target
Route1_QwenLoRA_r8_full_clean_target/eval/strong_noise_shuffled_eeg.jsonl,strong_noise,shuffled_eeg,1997,0.2784176264396595,0.7215823735603405,0.12769153730595895,0.19979969954932397,8.71907861792689,102,0.3116098056508672,0.02653980971457187,0.053079619429143715,0.053079619429143715,route1_qwen_inputs_embeds,Route1_QwenLoRA_r8_full_clean_target
Route1_QwenLoRA_r8_full_clean_target/eval/strong_noise_random_eeg.jsonl,strong_noise,random_eeg,1997,0.41762643965948926,0.5823735603405107,0.12769153730595895,0.171256885327992,6.481722583875814,111,0.28755095958400917,0.02653980971457187,0.053079619429143715,0.053079619429143715,route1_qwen_inputs_embeds,Route1_QwenLoRA_r8_full_clean_target
Route1_QwenLoRA_r8_full_clean_target/eval/strong_noise_eeg_only.jsonl,strong_noise,eeg_only,1997,0.485728592889334,0.514271407110666,0.10816224336504757,0.44366549824737106,7.019529293940911,655,0.29083408662777716,0.02653980971457187,0.053079619429143715,0.053079619429143715,route1_qwen_inputs_embeds,Route1_QwenLoRA_r8_full_clean_target
Route1_QwenLoRA_r16_full_clean_target/eval/clean_vision_only.jsonl,clean,vision_only,1997,0.23485227841762643,0.7651477215823735,0.08662994491737606,0.08662994491737606,2.5327991987981973,28,0.047254214655316304,-0.0060090135202804235,0.0,0.0005007511266900272,route1_qwen_inputs_embeds,Route1_QwenLoRA_r16_full_clean_target
Route1_QwenLoRA_r16_full_clean_target/eval/clean_real_eeg.jsonl,clean,real_eeg,1997,0.28943415122684024,0.7105658487731598,0.08062093139709564,0.08062093139709564,2.5783675513269904,47,0.04767150726089134,-0.0060090135202804235,0.0,0.0005007511266900272,route1_qwen_inputs_embeds,Route1_QwenLoRA_r16_full_clean_target
Route1_QwenLoRA_r16_full_clean_target/eval/clean_shuffled_eeg.jsonl,clean,shuffled_eeg,1997,0.2914371557336004,0.7085628442663996,0.08062093139709564,0.08662994491737606,2.600400600901352,51,0.051518945084293104,-0.0060090135202804235,0.0,0.0005007511266900272,route1_qwen_inputs_embeds,Route1_QwenLoRA_r16_full_clean_target
Route1_QwenLoRA_r16_full_clean_target/eval/clean_random_eeg.jsonl,clean,random_eeg,1997,0.2669003505257887,0.7330996494742112,0.08012018027040561,0.08162243365047571,2.557836755132699,40,0.046010682690702714,-0.0060090135202804235,0.0,0.0005007511266900272,route1_qwen_inputs_embeds,Route1_QwenLoRA_r16_full_clean_target
Route1_QwenLoRA_r16_full_clean_target/eval/clean_eeg_only.jsonl,clean,eeg_only,1997,0.3049574361542313,0.6950425638457687,0.04606910365548322,0.13470205307961944,2.6159238858287432,183,0.07106254620025275,-0.0060090135202804235,0.0,0.0005007511266900272,route1_qwen_inputs_embeds,Route1_QwenLoRA_r16_full_clean_target
Route1_QwenLoRA_r16_full_clean_target/eval/lowres16_vision_only.jsonl,lowres16,vision_only,1997,0.38407611417125687,0.6159238858287431,0.04656985478217326,0.11417125688532799,2.9919879819729593,34,0.10535803705558336,-0.0020030045067601365,0.027040560841261895,0.003505257886830246,route1_qwen_inputs_embeds,Route1_QwenLoRA_r16_full_clean_target
Route1_QwenLoRA_r16_full_clean_target/eval/lowres16_real_eeg.jsonl,lowres16,real_eeg,1997,0.3745618427641462,0.6254381572358538,0.04456685027541312,0.0871306960440661,2.8217325988983477,54,0.0741862794191287,-0.0020030045067601365,0.027040560841261895,0.003505257886830246,route1_qwen_inputs_embeds,Route1_QwenLoRA_r16_full_clean_target
Route1_QwenLoRA_r16_full_clean_target/eval/lowres16_shuffled_eeg.jsonl,lowres16,shuffled_eeg,1997,0.37656484727090633,0.6234351527290937,0.017526289434151226,0.08612919379068602,2.8227341011517275,51,0.07399432482056419,-0.0020030045067601365,0.027040560841261895,0.003505257886830246,route1_qwen_inputs_embeds,Route1_QwenLoRA_r16_full_clean_target
Route1_QwenLoRA_r16_full_clean_target/eval/lowres16_random_eeg.jsonl,lowres16,random_eeg,1997,0.24136204306459688,0.7586379569354031,0.041061592388582875,0.11016524787180772,2.5963945918878317,30,0.05933066266065765,-0.0020030045067601365,0.027040560841261895,0.003505257886830246,route1_qwen_inputs_embeds,Route1_QwenLoRA_r16_full_clean_target
Route1_QwenLoRA_r16_full_clean_target/eval/lowres16_eeg_only.jsonl,lowres16,eeg_only,1997,0.5643465197796695,0.43565348022033046,0.1387080620931397,0.5017526289434151,6.621932899349024,850,0.22629091961841089,-0.0020030045067601365,0.027040560841261895,0.003505257886830246,route1_qwen_inputs_embeds,Route1_QwenLoRA_r16_full_clean_target
Route1_QwenLoRA_r16_full_clean_target/eval/mixed_vision_only.jsonl,mixed,vision_only,1997,0.5042563845768653,0.4957436154231347,0.013019529293940912,0.18778167250876315,3.322483725588383,23,0.11957936905358038,0.02904356534802203,0.0400600901352028,0.03805708562844266,route1_qwen_inputs_embeds,Route1_QwenLoRA_r16_full_clean_target
Route1_QwenLoRA_r16_full_clean_target/eval/mixed_real_eeg.jsonl,mixed,real_eeg,1997,0.3084626940410616,0.6915373059589385,0.04206309464196294,0.100150225338007,2.6649974962443665,51,0.05753034313374824,0.02904356534802203,0.0400600901352028,0.03805708562844266,route1_qwen_inputs_embeds,Route1_QwenLoRA_r16_full_clean_target
Route1_QwenLoRA_r16_full_clean_target/eval/mixed_shuffled_eeg.jsonl,mixed,shuffled_eeg,1997,0.32348522784176265,0.6765147721582374,0.00200300450676014,0.09664496745117676,2.6664997496244367,39,0.054192002289148,0.02904356534802203,0.0400600901352028,0.03805708562844266,route1_qwen_inputs_embeds,Route1_QwenLoRA_r16_full_clean_target
Route1_QwenLoRA_r16_full_clean_target/eval/mixed_random_eeg.jsonl,mixed,random_eeg,1997,0.21832749123685527,0.7816725087631448,0.00400600901352028,0.18928392588883325,2.625938908362544,20,0.07512936070772827,0.02904356534802203,0.0400600901352028,0.03805708562844266,route1_qwen_inputs_embeds,Route1_QwenLoRA_r16_full_clean_target
Route1_QwenLoRA_r16_full_clean_target/eval/mixed_eeg_only.jsonl,mixed,eeg_only,1997,0.5813720580871307,0.41862794191286934,0.17976965448172258,0.6094141211817726,6.502253380070105,833,0.26066411888895613,0.02904356534802203,0.0400600901352028,0.03805708562844266,route1_qwen_inputs_embeds,Route1_QwenLoRA_r16_full_clean_target
Route1_QwenLoRA_r16_full_clean_target/eval/occlusion50_vision_only.jsonl,occlusion50,vision_only,1997,0.9899849774661993,0.01001502253380071,0.07611417125688533,0.08512769153730596,4.811717576364547,25,0.3481263562009682,-0.003004506760140205,0.011016524787180779,0.0,route1_qwen_inputs_embeds,Route1_QwenLoRA_r16_full_clean_target
Route1_QwenLoRA_r16_full_clean_target/eval/occlusion50_real_eeg.jsonl,occlusion50,real_eeg,1997,0.9789684526790186,0.021031547320981447,0.07310966449674512,0.07811717576364546,4.3239859789684525,50,0.25406025705224505,-0.003004506760140205,0.011016524787180779,0.0,route1_qwen_inputs_embeds,Route1_QwenLoRA_r16_full_clean_target
Route1_QwenLoRA_r16_full_clean_target/eval/occlusion50_shuffled_eeg.jsonl,occlusion50,shuffled_eeg,1997,0.9844767150726089,0.015523284927391079,0.06209313970956434,0.08362543815723586,4.3915873810716075,75,0.26536590600185994,-0.003004506760140205,0.011016524787180779,0.0,route1_qwen_inputs_embeds,Route1_QwenLoRA_r16_full_clean_target
Route1_QwenLoRA_r16_full_clean_target/eval/occlusion50_random_eeg.jsonl,occlusion50,random_eeg,1997,0.9889834752128193,0.011016524787180737,0.07310966449674512,0.08262393590385578,4.562844266399599,47,0.3049651858740492,-0.003004506760140205,0.011016524787180779,0.0,route1_qwen_inputs_embeds,Route1_QwenLoRA_r16_full_clean_target
Route1_QwenLoRA_r16_full_clean_target/eval/occlusion50_eeg_only.jsonl,occlusion50,eeg_only,1997,0.684526790185278,0.31547320981472204,0.17676514772158236,0.6344516775162744,8.28743114672008,923,0.23096857657448547,-0.003004506760140205,0.011016524787180779,0.0,route1_qwen_inputs_embeds,Route1_QwenLoRA_r16_full_clean_target
Route1_QwenLoRA_r16_full_clean_target/eval/strong_blur_vision_only.jsonl,strong_blur,vision_only,1997,0.19128693039559339,0.8087130696044066,0.07361041562343515,0.0871306960440661,2.543314972458688,43,0.07736604907361042,0.0025037556334501776,0.013520280420630942,-0.004506760140210314,route1_qwen_inputs_embeds,Route1_QwenLoRA_r16_full_clean_target
Route1_QwenLoRA_r16_full_clean_target/eval/strong_blur_real_eeg.jsonl,strong_blur,real_eeg,1997,0.17676514772158236,0.8232348522784176,0.07611417125688533,0.085628442663996,2.5202804206309466,59,0.06227794072060472,0.0025037556334501776,0.013520280420630942,-0.004506760140210314,route1_qwen_inputs_embeds,Route1_QwenLoRA_r16_full_clean_target
Route1_QwenLoRA_r16_full_clean_target/eval/strong_blur_shuffled_eeg.jsonl,strong_blur,shuffled_eeg,1997,0.17826740110165248,0.8217325988983475,0.06259389083625438,0.09063595393089635,2.5242864296444667,63,0.06498199680473091,0.0025037556334501776,0.013520280420630942,-0.004506760140210314,route1_qwen_inputs_embeds,Route1_QwenLoRA_r16_full_clean_target
Route1_QwenLoRA_r16_full_clean_target/eval/strong_blur_random_eeg.jsonl,strong_blur,random_eeg,1997,0.12669003505257886,0.8733099649474212,0.08062093139709564,0.09464196294441662,2.399098647971958,53,0.042815413596585354,0.0025037556334501776,0.013520280420630942,-0.004506760140210314,route1_qwen_inputs_embeds,Route1_QwenLoRA_r16_full_clean_target
Route1_QwenLoRA_r16_full_clean_target/eval/strong_blur_eeg_only.jsonl,strong_blur,eeg_only,1997,0.5553329994992489,0.44466700050075114,0.16374561842764146,0.5798698047070606,6.8512769153730595,777,0.25381599427668533,0.0025037556334501776,0.013520280420630942,-0.004506760140210314,route1_qwen_inputs_embeds,Route1_QwenLoRA_r16_full_clean_target
Route1_QwenLoRA_r16_full_clean_target/eval/strong_noise_vision_only.jsonl,strong_noise,vision_only,1997,0.7541311967951928,0.2458688032048072,0.061091637456184275,0.08913370055082624,3.225338007010516,70,0.07531296945418126,0.007010515773660492,0.019529293940911366,0.0020030045067601365,route1_qwen_inputs_embeds,Route1_QwenLoRA_r16_full_clean_target
Route1_QwenLoRA_r16_full_clean_target/eval/strong_noise_real_eeg.jsonl,strong_noise,real_eeg,1997,0.6094141211817726,0.39058587881822737,0.06810215322984477,0.08662994491737606,2.9969954932398597,66,0.059989984977466194,0.007010515773660492,0.019529293940911366,0.0020030045067601365,route1_qwen_inputs_embeds,Route1_QwenLoRA_r16_full_clean_target
Route1_QwenLoRA_r16_full_clean_target/eval/strong_noise_shuffled_eeg.jsonl,strong_noise,shuffled_eeg,1997,0.6184276414621933,0.3815723585378067,0.0485728592889334,0.08662994491737606,3.0335503254882323,74,0.06818680401554712,0.007010515773660492,0.019529293940911366,0.0020030045067601365,route1_qwen_inputs_embeds,Route1_QwenLoRA_r16_full_clean_target
Route1_QwenLoRA_r16_full_clean_target/eval/strong_noise_random_eeg.jsonl,strong_noise,random_eeg,1997,0.657486229344016,0.342513770655984,0.06609914872308463,0.09013520280420631,3.0195292939409115,82,0.05789994515582898,0.007010515773660492,0.019529293940911366,0.0020030045067601365,route1_qwen_inputs_embeds,Route1_QwenLoRA_r16_full_clean_target
Route1_QwenLoRA_r16_full_clean_target/eval/strong_noise_eeg_only.jsonl,strong_noise,eeg_only,1997,0.5027541311967952,0.49724586880320476,0.157235853780671,0.5413119679519279,6.4967451176765145,867,0.2033582814003445,0.007010515773660492,0.019529293940911366,0.0020030045067601365,route1_qwen_inputs_embeds,Route1_QwenLoRA_r16_full_clean_target
reranking/clean_vision_only.jsonl,clean,vision_only,1997,0.9969954932398598,0.003004506760140191,0.5873810716074112,0.6169253880821232,10.435152729093641,273,0.20588769990372394,0.0070105157736604085,0.03605408112168251,0.04406609914872306,reranking,Route5_best_of_N_reranking
reranking/clean_real_eeg.jsonl,clean,real_eeg,1997,0.9939909864797196,0.006009013520280382,0.5943915873810716,0.614922383575363,10.463695543314973,653,0.20497438215264957,0.0070105157736604085,0.03605408112168251,0.04406609914872306,reranking,Route5_best_of_N_reranking
reranking/clean_shuffled_eeg.jsonl,clean,shuffled_eeg,1997,0.99899849774662,0.0010015022533800266,0.558337506259389,0.628442663995994,10.406109163745619,856,0.2064467511012328,0.0070105157736604085,0.03605408112168251,0.04406609914872306,reranking,Route5_best_of_N_reranking
reranking/clean_random_eeg.jsonl,clean,random_eeg,1997,1.0,0.0,0.5503254882323485,0.6464697045568353,10.318978467701552,587,0.20524447315884475,0.0070105157736604085,0.03605408112168251,0.04406609914872306,reranking,Route5_best_of_N_reranking
reranking/clean_eeg_only.jsonl,clean,eeg_only,1997,0.99899849774662,0.0010015022533800266,0.1342013019529294,0.5448172258387581,10.387581372058087,430,0.22504663449831203,0.0070105157736604085,0.03605408112168251,0.04406609914872306,reranking,Route5_best_of_N_reranking
reranking/lowres16_vision_only.jsonl,lowres16,vision_only,1997,0.9544316474712068,0.04556835252879321,0.15222834251377065,0.3660490736104156,9.105157736604907,324,0.20633190878558932,0.1101652478718077,0.1477215823735603,0.16224336504757136,reranking,Route5_best_of_N_reranking
reranking/lowres16_real_eeg.jsonl,lowres16,real_eeg,1997,0.9554331497245869,0.04456685027541307,0.26239359038557836,0.4416624937406109,9.181772658988482,1239,0.20829500022038833,0.1101652478718077,0.1477215823735603,0.16224336504757136,reranking,Route5_best_of_N_reranking
reranking/lowres16_shuffled_eeg.jsonl,lowres16,shuffled_eeg,1997,0.9509263895843766,0.049073610415623414,0.11467200801201803,0.4126189283925889,9.106159238858288,1335,0.20534341722373772,0.1101652478718077,0.1477215823735603,0.16224336504757136,reranking,Route5_best_of_N_reranking
reranking/lowres16_random_eeg.jsonl,lowres16,random_eeg,1997,0.9479218828242364,0.052078117175763605,0.100150225338007,0.5638457686529794,9.651977966950426,903,0.23866924679393384,0.1101652478718077,0.1477215823735603,0.16224336504757136,reranking,Route5_best_of_N_reranking
reranking/lowres16_eeg_only.jsonl,lowres16,eeg_only,1997,0.9148723084626941,0.08512769153730593,0.11667501251877817,0.4672008012018027,9.223835753630446,685,0.20800239514560998,0.1101652478718077,0.1477215823735603,0.16224336504757136,reranking,Route5_best_of_N_reranking
reranking/mixed_vision_only.jsonl,mixed,vision_only,1997,0.9939909864797196,0.006009013520280382,0.039559339008512766,0.1412118177265899,10.758637956935402,190,0.23237126613441084,0.13470205307961944,0.13370055082623938,0.13870806209313974,reranking,Route5_best_of_N_reranking
reranking/mixed_real_eeg.jsonl,mixed,real_eeg,1997,0.9874812218327491,0.012518778167250888,0.1742613920881322,0.4762143214822233,10.220831246870306,971,0.23916825121131582,0.13470205307961944,0.13370055082623938,0.13870806209313974,reranking,Route5_best_of_N_reranking
reranking/mixed_shuffled_eeg.jsonl,mixed,shuffled_eeg,1997,0.9874812218327491,0.012518778167250888,0.04056084126189284,0.46619929894842266,10.358537806710066,1067,0.23770088894024796,0.13470205307961944,0.13370055082623938,0.13870806209313974,reranking,Route5_best_of_N_reranking
reranking/mixed_random_eeg.jsonl,mixed,random_eeg,1997,0.9929894842263395,0.0070105157736605195,0.035553329994992486,0.9364046069103655,8.945918878317476,353,0.2426207340203334,0.13470205307961944,0.13370055082623938,0.13870806209313974,reranking,Route5_best_of_N_reranking
reranking/mixed_eeg_only.jsonl,mixed,eeg_only,1997,0.9644466700050075,0.0355533299949925,0.1357035553329995,0.5252879318978467,10.00751126690035,586,0.24038054389832056,0.13470205307961944,0.13370055082623938,0.13870806209313974,reranking,Route5_best_of_N_reranking
reranking/occlusion50_vision_only.jsonl,occlusion50,vision_only,1997,0.9944917376064096,0.0055082623935903685,0.4672008012018027,0.5598397596394592,9.8492739108663,295,0.2064937274376433,0.056584877315974,0.09263895843765652,0.07611417125688535,reranking,Route5_best_of_N_reranking
reranking/occlusion50_real_eeg.jsonl,occlusion50,real_eeg,1997,0.9964947421131698,0.0035052578868302042,0.5237856785177767,0.5928893340010015,9.889834752128193,828,0.2066148798622509,0.056584877315974,0.09263895843765652,0.07611417125688535,reranking,Route5_best_of_N_reranking
reranking/occlusion50_shuffled_eeg.jsonl,occlusion50,shuffled_eeg,1997,0.9979969954932398,0.0020030045067601643,0.43114672008012017,0.586880320480721,9.888833249874812,1131,0.209249537254044,0.056584877315974,0.09263895843765652,0.07611417125688535,reranking,Route5_best_of_N_reranking
reranking/occlusion50_random_eeg.jsonl,occlusion50,random_eeg,1997,0.9984977466199298,0.001502253380070151,0.44767150726089133,0.6870305458187281,9.742113169754631,714,0.20869592906398118,0.056584877315974,0.09263895843765652,0.07611417125688535,reranking,Route5_best_of_N_reranking
reranking/occlusion50_eeg_only.jsonl,occlusion50,eeg_only,1997,0.957436154231347,0.04256384576865302,0.12969454181271908,0.5267901852779169,9.5678517776665,564,0.22709532302672011,0.056584877315974,0.09263895843765652,0.07611417125688535,reranking,Route5_best_of_N_reranking
reranking/strong_blur_vision_only.jsonl,strong_blur,vision_only,1997,0.9399098647971958,0.06009013520280415,0.44316474712068105,0.4912368552829244,9.265398097145718,347,0.21761740874159505,0.040060090135202786,0.06509764646970456,0.07361041562343518,reranking,Route5_best_of_N_reranking
reranking/strong_blur_real_eeg.jsonl,strong_blur,real_eeg,1997,0.9484226339509264,0.05157736604907359,0.48322483725588383,0.5388082123184778,9.257386079118678,1066,0.22474228742380972,0.040060090135202786,0.06509764646970456,0.07361041562343518,reranking,Route5_best_of_N_reranking
reranking/strong_blur_shuffled_eeg.jsonl,strong_blur,shuffled_eeg,1997,0.9364046069103655,0.06359539308963447,0.41812719078617927,0.5332999499248874,9.162243365047571,1358,0.22532957222491523,0.040060090135202786,0.06509764646970456,0.07361041562343518,reranking,Route5_best_of_N_reranking
reranking/strong_blur_random_eeg.jsonl,strong_blur,random_eeg,1997,0.9699549323985979,0.03004506760140213,0.40961442163244866,0.6104156234351528,9.597396094141212,1064,0.22162858701416538,0.040060090135202786,0.06509764646970456,0.07361041562343518,reranking,Route5_best_of_N_reranking
reranking/strong_blur_eeg_only.jsonl,strong_blur,eeg_only,1997,0.9233850776164246,0.07661492238357537,0.12168252378567852,0.45468202303455185,9.306960440660992,766,0.20371096799489388,0.040060090135202786,0.06509764646970456,0.07361041562343518,reranking,Route5_best_of_N_reranking
reranking/strong_noise_vision_only.jsonl,strong_noise,vision_only,1997,0.9749624436654982,0.025037556334501776,0.34501752628943416,0.5277916875312969,9.878317476214322,1085,0.2083251695169572,0.07911867801702555,0.11316975463194795,0.07911867801702555,reranking,Route5_best_of_N_reranking
reranking/strong_noise_real_eeg.jsonl,strong_noise,real_eeg,1997,0.9829744616925388,0.01702553830746123,0.4241362043064597,0.5317976965448172,10.128192288432649,1171,0.2109131493332795,0.07911867801702555,0.11316975463194795,0.07911867801702555,reranking,Route5_best_of_N_reranking
reranking/strong_noise_shuffled_eeg.jsonl,strong_noise,shuffled_eeg,1997,0.9749624436654982,0.025037556334501776,0.31096644967451176,0.5307961942914372,9.979469203805708,1301,0.20954430174510297,0.07911867801702555,0.11316975463194795,0.07911867801702555,reranking,Route5_best_of_N_reranking
reranking/strong_noise_random_eeg.jsonl,strong_noise,random_eeg,1997,0.9874812218327491,0.012518778167250888,0.34501752628943416,0.6174261392088132,10.308963445167752,984,0.21403056827443406,0.07911867801702555,0.11316975463194795,0.07911867801702555,reranking,Route5_best_of_N_reranking
reranking/strong_noise_eeg_only.jsonl,strong_noise,eeg_only,1997,0.9374061091637457,0.06259389083625433,0.14071106659989985,0.5207811717576365,10.246870305458188,671,0.2414740686898924,0.07911867801702555,0.11316975463194795,0.07911867801702555,reranking,Route5_best_of_N_reranking
